{
  "$schema": "http://schema.management.azure.com/schemas/2014-04-01-preview/deploymentTemplate.json#",
  "contentVersion": "1.0.0.0",
  "parameters": {
    "location": {
      "type": "string",
      "defaultValue": "westeurope",
      "allowedValues": [
        "westeurope",
        "eastus"
      ],
      "metadata": {
        "description": "Location for the resources."
      }
    }
  },
  "variables": {
    "customrpApiversion": "2018-09-01-preview",
    "customProviderName": "public"
  },
  "resources": [
    {
      "apiVersion": "[variables('customrpApiversion')]",
      "type": "Microsoft.CustomProviders/resourceProviders",
      "name": "[variables('customProviderName')]",
      "location": "[parameters('location')]",
      "properties": {
        "actions": [
          {
            "name": "ping",
            "routingType": "Proxy",
            "endpoint": "https://eolzvnustu9r214.m.pipedream.net"
          },
          {
            "name": "users/contextAction",
            "routingType": "Proxy",
            "endpoint": "https://eolzvnustu9r214.m.pipedream.net"
          }
        ],
        "resourceTypes": [
          {
            "name": "users",
            "routingType": "Proxy,Cache",
            "endpoint": "https://eolzvnustu9r214.m.pipedream.net"
          }
        ]
      }
    }
  ],
  "outputs": {}
}
