{
  "views": [{
    "kind": "Overview",
    "properties": {
      "header": "Welcome to your Planum Managed Application",
      "description": "This Managed application is self-service.",
      "commands": [{
          "displayName": "Ping Action",
          "path": "/customping",
          "icon": "LaunchCurrent"
      }]
    }
  },
  {
    "kind": "CustomResources",
    "properties": {
      "displayName": "Projects",
      "version": "1.0.0.0",
      "resourceType": "projects",
      "createUIDefinition": {
        "parameters": {
          "steps": [{
            "name": "add",
            "label": "Add project",
            "elements": [{
              "name": "name",
              "label": "Project's Name",
              "type": "Microsoft.Common.TextBox",
              "defaultValue": "",
              "toolTip": "Provide a project name.",
              "constraints": { "required": true }
            }]
          }],
          "outputs": {
            "name": "[steps('add').name]",
            "properties": {
              "ProjectName": "[steps('add').name]",
            }
          }
        }
      },
      "commands": [{
        "displayName": "Custom Context Action",
        "path": "projects/contextAction",
        "icon": "Start"
      }],
      "columns": [
        { "key": "properties.ProjectName", "displayName": "Project Name" },
      ]
    }
  }]
}
